=============,=============,=============,=============,===============
ID Number, First Name, Last Name, Phone Number, Email
=============,=============,=============,=============,===============
1,Joe,Jackson,555-351-6547,blahblah@lol.com
2,Kim,Loop,725-354-6587,blahblah@lol.com
3,Jole,Kine,145-658-6587,blahblah@lol.com
4,Web,Aliz,658-698-9658,blahblah@lol.com
5,Mike,Ebber,658-324-6547,blahblah@lol.com
6,John,Dole,658-658-6587,blahblah@lol.com
7,George,Sime,987-965-6587,blahblah@lol.com
8,Sam,Lune,365-658-9874,blahblah@lol.com
9,Wesly,Dune,665-874-3258,blahblah@lol.com
10,Quint,Gome,658-963-6549,blahblah@lol.com
11,Nick,Etter,325-654-6521,blahblah@lol.com
12,Matt,Lapper,325-658-9632,blahblah@lol.com
13,Anthoy,Jook,355-658-9654,blahblah@lol.com
14,Chris,Noomier,314-658-9658,blahblah@lol.com
15,Chris,Roop,555-632-6587,blahblah@lol.com
16,Lonny,Dune,452-254-5412,blahblah@lol.com
17,Amy,Foobler,151-526-3200,blahblah@lol.com
18,Stella,Wippintion,555-632-3201,blahblah@lol.com
19,Johnny,Lack,654-658-9632,blahblah@lol.com
20,Qubin,Lacker,963-201-3201,blahblah@lol.com
21,Ron,Lacker,632-654-6583,blahblah@lol.com
22,Roy,bot,654-320-8569,blahblah@lol.com
23,Test,Test,101-547-9652,blahblah@lol.com
